<?xml version="1.0" encoding="utf-8" ?>
<dwsync>
<file name="attendance.php" server="C:/xampp/htdocs/www/Biometric_site/" local="130779363340000000" remote="130779363340000000" Dst="0" />
<file name="functions.php" server="C:/xampp/htdocs/www/Biometric_site/" local="130779367860000000" remote="130779367860000000" Dst="0" />
<file name="index.php" server="C:/xampp/htdocs/www/Biometric_site/" local="130798290203001421" remote="130798290200000000" Dst="0" />
<file name="leave_application.php" server="C:/xampp/htdocs/www/Biometric_site/" local="130779363340000000" remote="130779363340000000" Dst="0" />
<file name="logout.php" server="C:/xampp/htdocs/www/Biometric_site/" local="130777810780000000" remote="130777810780000000" Dst="0" />
<file name="settings.php" server="C:/xampp/htdocs/www/Biometric_site/" local="130777808600000000" remote="130777808600000000" Dst="0" />
<file name="Staff.php" server="C:/xampp/htdocs/www/Biometric_site/" local="130779363340000000" remote="130779363340000000" Dst="0" />
<file name="view.php" server="C:/xampp/htdocs/www/Biometric_site/" local="130787405134813735" remote="130787405130000000" Dst="0" />
<file name="profile_view.php" server="C:/xampp/htdocs/www/Biometric_site/" local="130777901080000000" remote="130777901080000000" Dst="0" />
<file name="profile_update.php" server="C:/xampp/htdocs/www/Biometric_site/" local="130779363340000000" remote="130779363340000000" Dst="0" />
<file name="leave_history_approved.php" server="C:/xampp/htdocs/www/Biometric_site/" local="130778660860000000" remote="130778660860000000" Dst="0" />
<file name="leave_history_disapproved.php" server="C:/xampp/htdocs/www/Biometric_site/" local="130778660160000000" remote="130778660160000000" Dst="0" />
<file name="leave_history_pending.php" server="C:/xampp/htdocs/www/Biometric_site/" local="130778662740000000" remote="130778662740000000" Dst="0" />
</dwsync>