<?xml version="1.0" encoding="utf-8" ?>
<dwsync>
<file name="Admin.php" server="C:/xampp/htdocs/www/Biometric_site/" local="130778696767878619" remote="130778696760000000" Dst="0" />
<file name="attendance.php" server="C:/xampp/htdocs/www/Biometric_site/" local="130779373340607226" remote="130779373340000000" Dst="0" />
<file name="checkin.php" server="C:/xampp/htdocs/www/Biometric_site/" local="130767232060000000" remote="130767232060000000" Dst="0" />
<file name="functions.php" server="C:/xampp/htdocs/www/Biometric_site/" local="130779370262355784" remote="130779370260000000" Dst="0" />
<file name="index.php" server="C:/xampp/htdocs/www/Biometric_site/" local="130777828061751018" remote="130777828060000000" Dst="0" />
<file name="logout.php" server="C:/xampp/htdocs/www/Biometric_site/" local="130777819400729693" remote="130777819400000000" Dst="0" />
<file name="settings.php" server="C:/xampp/htdocs/www/Biometric_site/" local="130778707815683970" remote="130778707810000000" Dst="0" />
<file name="view.php" server="C:/xampp/htdocs/www/Biometric_site/" local="130778708430555520" remote="130778708430000000" Dst="0" />
<file name="staff_active.php" server="C:/xampp/htdocs/www/Biometric_site/" local="130778703702514914" remote="130778703700000000" Dst="0" />
<file name="staff_deleted.php" server="C:/xampp/htdocs/www/Biometric_site/" local="130778706184454382" remote="130778706180000000" Dst="0" />
<file name="staff_suspended.php" server="C:/xampp/htdocs/www/Biometric_site/" local="130778706739797075" remote="130778706730000000" Dst="0" />
<file name="leave_requests_pending.php" server="C:/xampp/htdocs/www/Biometric_site/" local="130778696485075131" remote="130778696480000000" Dst="0" />
<file name="leave_requests_approved.php" server="C:/xampp/htdocs/www/Biometric_site/" local="130778700657897057" remote="130778700650000000" Dst="0" />
<file name="leave_requests_disapproved.php" server="C:/xampp/htdocs/www/Biometric_site/" local="130778700101001622" remote="130778700100000000" Dst="0" />
</dwsync>