<?xml version="1.0" encoding="utf-8" ?>
<dwsync>
<file name="metro-accordion.js" server="C:/xampp/htdocs/www/Biometric_site/" local="130761853820000000" remote="130761853820000000" Dst="0" />
<file name="metro-button-set.js" server="C:/xampp/htdocs/www/Biometric_site/" local="130761853820000000" remote="130761853820000000" Dst="0" />
<file name="metro-calendar.js" server="C:/xampp/htdocs/www/Biometric_site/" local="130761853820000000" remote="130761853820000000" Dst="0" />
<file name="metro-carousel.js" server="C:/xampp/htdocs/www/Biometric_site/" local="130761853820000000" remote="130761853820000000" Dst="0" />
<file name="metro-core.js" server="C:/xampp/htdocs/www/Biometric_site/" local="130761853820000000" remote="130761853820000000" Dst="0" />
<file name="metro-countdown.js" server="C:/xampp/htdocs/www/Biometric_site/" local="130761853820000000" remote="130761853820000000" Dst="0" />
<file name="metro-date-format.js" server="C:/xampp/htdocs/www/Biometric_site/" local="130761853820000000" remote="130761853820000000" Dst="0" />
<file name="metro-datepicker.js" server="C:/xampp/htdocs/www/Biometric_site/" local="130761853820000000" remote="130761853820000000" Dst="0" />
<file name="metro-dialog.js" server="C:/xampp/htdocs/www/Biometric_site/" local="130761853820000000" remote="130761853820000000" Dst="0" />
<file name="metro-drag-tile.js" server="C:/xampp/htdocs/www/Biometric_site/" local="130761853840000000" remote="130761853840000000" Dst="0" />
<file name="metro-dropdown.js" server="C:/xampp/htdocs/www/Biometric_site/" local="130761853840000000" remote="130761853840000000" Dst="0" />
<file name="metro-fluentmenu.js" server="C:/xampp/htdocs/www/Biometric_site/" local="130761853840000000" remote="130761853840000000" Dst="0" />
<file name="metro-global.js" server="C:/xampp/htdocs/www/Biometric_site/" local="130761853840000000" remote="130761853840000000" Dst="0" />
<file name="metro-hint.js" server="C:/xampp/htdocs/www/Biometric_site/" local="130761853840000000" remote="130761853840000000" Dst="0" />
<file name="metro-initiator.js" server="C:/xampp/htdocs/www/Biometric_site/" local="130761853840000000" remote="130761853840000000" Dst="0" />
<file name="metro-input-control.js" server="C:/xampp/htdocs/www/Biometric_site/" local="130761853840000000" remote="130761853840000000" Dst="0" />
<file name="metro-listview.js" server="C:/xampp/htdocs/www/Biometric_site/" local="130761853840000000" remote="130761853840000000" Dst="0" />
<file name="metro-live-tile.js" server="C:/xampp/htdocs/www/Biometric_site/" local="130761853840000000" remote="130761853840000000" Dst="0" />
<file name="metro-loader.js" server="C:/xampp/htdocs/www/Biometric_site/" local="130761853840000000" remote="130761853840000000" Dst="0" />
<file name="metro-locale.js" server="C:/xampp/htdocs/www/Biometric_site/" local="130761853840000000" remote="130761853840000000" Dst="0" />
<file name="metro-notify.js" server="C:/xampp/htdocs/www/Biometric_site/" local="130761853840000000" remote="130761853840000000" Dst="0" />
<file name="metro-panel.js" server="C:/xampp/htdocs/www/Biometric_site/" local="130761853840000000" remote="130761853840000000" Dst="0" />
<file name="metro-plugin-template.js" server="C:/xampp/htdocs/www/Biometric_site/" local="130761853840000000" remote="130761853840000000" Dst="0" />
<file name="metro-progressbar.js" server="C:/xampp/htdocs/www/Biometric_site/" local="130761853840000000" remote="130761853840000000" Dst="0" />
<file name="metro-pull.js" server="C:/xampp/htdocs/www/Biometric_site/" local="130761853840000000" remote="130761853840000000" Dst="0" />
<file name="metro-rating.js" server="C:/xampp/htdocs/www/Biometric_site/" local="130761853840000000" remote="130761853840000000" Dst="0" />
<file name="metro-scroll.js" server="C:/xampp/htdocs/www/Biometric_site/" local="130761853840000000" remote="130761853840000000" Dst="0" />
<file name="metro-slider.js" server="C:/xampp/htdocs/www/Biometric_site/" local="130761853860000000" remote="130761853860000000" Dst="0" />
<file name="metro-stepper.js" server="C:/xampp/htdocs/www/Biometric_site/" local="130761853860000000" remote="130761853860000000" Dst="0" />
<file name="metro-streamer.js" server="C:/xampp/htdocs/www/Biometric_site/" local="130761853860000000" remote="130761853860000000" Dst="0" />
<file name="metro-tab-control.js" server="C:/xampp/htdocs/www/Biometric_site/" local="130761853860000000" remote="130761853860000000" Dst="0" />
<file name="metro-table.js" server="C:/xampp/htdocs/www/Biometric_site/" local="130761853860000000" remote="130761853860000000" Dst="0" />
<file name="metro-tile-transform.js" server="C:/xampp/htdocs/www/Biometric_site/" local="130761853860000000" remote="130761853860000000" Dst="0" />
<file name="metro-times.js" server="C:/xampp/htdocs/www/Biometric_site/" local="130761853860000000" remote="130761853860000000" Dst="0" />
<file name="metro-touch-handler.js" server="C:/xampp/htdocs/www/Biometric_site/" local="130761853860000000" remote="130761853860000000" Dst="0" />
<file name="metro-treeview.js" server="C:/xampp/htdocs/www/Biometric_site/" local="130761853860000000" remote="130761853860000000" Dst="0" />
<file name="metro-wizard.js" server="C:/xampp/htdocs/www/Biometric_site/" local="130761853860000000" remote="130761853860000000" Dst="0" />
<file name="README.md" server="C:/xampp/htdocs/www/Biometric_site/" local="130761853800000000" remote="130761853800000000" Dst="0" />
</dwsync>