<?xml version="1.0" encoding="UTF-8"?>
<project-private xmlns="http://www.netbeans.org/ns/project-private/1">
    <editor-bookmarks xmlns="http://www.netbeans.org/ns/editor-bookmarks/2" lastBookmarkId="0"/>
    <open-files xmlns="http://www.netbeans.org/ns/projectui-open-files/2">
        <group>
            <file>file:/C:/wamp/www/Biometrics_Site/admin/checkin.php</file>
            <file>file:/C:/wamp/www/Biometrics_Site/admin/functions.php</file>
            <file>file:/C:/wamp/www/Biometrics_Site/admin/leave$1.php</file>
            <file>file:/C:/wamp/www/Biometrics_Site/admin/attendance.php</file>
            <file>file:/C:/wamp/www/Biometrics_Site/admin/leave.php</file>
            <file>file:/C:/wamp/www/Biometrics_Site/admin/view.php</file>
            <file>file:/C:/wamp/www/Biometrics_Site/admin/leave$2.php</file>
            <file>file:/C:/wamp/www/Biometrics_Site/admin/settings.php</file>
            <file>file:/C:/wamp/www/Biometrics_Site/admin/staff.php</file>
        </group>
    </open-files>
</project-private>
