<?xml version="1.0" encoding="utf-8" ?>
<dwsync>
<file name="lang-apollo.js" server="C:/xampp/htdocs/www/Biometric_site/" local="130761853860000000" remote="130761853860000000" Dst="0" />
<file name="lang-basic.js" server="C:/xampp/htdocs/www/Biometric_site/" local="130761853860000000" remote="130761853860000000" Dst="0" />
<file name="lang-clj.js" server="C:/xampp/htdocs/www/Biometric_site/" local="130761853880000000" remote="130761853880000000" Dst="0" />
<file name="lang-css.js" server="C:/xampp/htdocs/www/Biometric_site/" local="130761853880000000" remote="130761853880000000" Dst="0" />
<file name="lang-dart.js" server="C:/xampp/htdocs/www/Biometric_site/" local="130761853880000000" remote="130761853880000000" Dst="0" />
<file name="lang-erlang.js" server="C:/xampp/htdocs/www/Biometric_site/" local="130761853880000000" remote="130761853880000000" Dst="0" />
<file name="lang-go.js" server="C:/xampp/htdocs/www/Biometric_site/" local="130761853880000000" remote="130761853880000000" Dst="0" />
<file name="lang-hs.js" server="C:/xampp/htdocs/www/Biometric_site/" local="130761853880000000" remote="130761853880000000" Dst="0" />
<file name="lang-lisp.js" server="C:/xampp/htdocs/www/Biometric_site/" local="130761853880000000" remote="130761853880000000" Dst="0" />
<file name="lang-llvm.js" server="C:/xampp/htdocs/www/Biometric_site/" local="130761853880000000" remote="130761853880000000" Dst="0" />
<file name="lang-lua.js" server="C:/xampp/htdocs/www/Biometric_site/" local="130761853880000000" remote="130761853880000000" Dst="0" />
<file name="lang-matlab.js" server="C:/xampp/htdocs/www/Biometric_site/" local="130761853880000000" remote="130761853880000000" Dst="0" />
<file name="lang-ml.js" server="C:/xampp/htdocs/www/Biometric_site/" local="130761853880000000" remote="130761853880000000" Dst="0" />
<file name="lang-mumps.js" server="C:/xampp/htdocs/www/Biometric_site/" local="130761853880000000" remote="130761853880000000" Dst="0" />
<file name="lang-n.js" server="C:/xampp/htdocs/www/Biometric_site/" local="130761853880000000" remote="130761853880000000" Dst="0" />
<file name="lang-pascal.js" server="C:/xampp/htdocs/www/Biometric_site/" local="130761853880000000" remote="130761853880000000" Dst="0" />
<file name="lang-proto.js" server="C:/xampp/htdocs/www/Biometric_site/" local="130761853880000000" remote="130761853880000000" Dst="0" />
<file name="lang-r.js" server="C:/xampp/htdocs/www/Biometric_site/" local="130761853880000000" remote="130761853880000000" Dst="0" />
<file name="lang-rd.js" server="C:/xampp/htdocs/www/Biometric_site/" local="130761853880000000" remote="130761853880000000" Dst="0" />
<file name="lang-scala.js" server="C:/xampp/htdocs/www/Biometric_site/" local="130761853880000000" remote="130761853880000000" Dst="0" />
<file name="lang-sql.js" server="C:/xampp/htdocs/www/Biometric_site/" local="130761853880000000" remote="130761853880000000" Dst="0" />
<file name="lang-tcl.js" server="C:/xampp/htdocs/www/Biometric_site/" local="130761853880000000" remote="130761853880000000" Dst="0" />
<file name="lang-tex.js" server="C:/xampp/htdocs/www/Biometric_site/" local="130761853880000000" remote="130761853880000000" Dst="0" />
<file name="lang-vb.js" server="C:/xampp/htdocs/www/Biometric_site/" local="130761853880000000" remote="130761853880000000" Dst="0" />
<file name="lang-vhdl.js" server="C:/xampp/htdocs/www/Biometric_site/" local="130761853880000000" remote="130761853880000000" Dst="0" />
<file name="lang-wiki.js" server="C:/xampp/htdocs/www/Biometric_site/" local="130761853880000000" remote="130761853880000000" Dst="0" />
<file name="lang-xq.js" server="C:/xampp/htdocs/www/Biometric_site/" local="130761853880000000" remote="130761853880000000" Dst="0" />
<file name="lang-yaml.js" server="C:/xampp/htdocs/www/Biometric_site/" local="130761853900000000" remote="130761853900000000" Dst="0" />
<file name="prettify.css" server="C:/xampp/htdocs/www/Biometric_site/" local="130761853900000000" remote="130761853900000000" Dst="0" />
<file name="prettify.js" server="C:/xampp/htdocs/www/Biometric_site/" local="130761853900000000" remote="130761853900000000" Dst="0" />
<file name="run_prettify.js" server="C:/xampp/htdocs/www/Biometric_site/" local="130761853900000000" remote="130761853900000000" Dst="0" />
</dwsync>