<?xml version="1.0" encoding="utf-8" ?>
<dwsync>
<file name="Admin.php" server="C:/xampp/htdocs/www/Biometric_site/" local="130778696780000000" remote="130778696780000000" Dst="0" />
<file name="attendance.php" server="C:/xampp/htdocs/www/Biometric_site/" local="130779373360000000" remote="130779373360000000" Dst="0" />
<file name="checkin.php" server="C:/xampp/htdocs/www/Biometric_site/" local="130767232060000000" remote="130767232060000000" Dst="0" />
<file name="functions.php" server="C:/xampp/htdocs/www/Biometric_site/" local="130779370280000000" remote="130779370280000000" Dst="0" />
<file name="index.php" server="C:/xampp/htdocs/www/Biometric_site/" local="130777828080000000" remote="130777828080000000" Dst="0" />
<file name="logout.php" server="C:/xampp/htdocs/www/Biometric_site/" local="130777819420000000" remote="130777819420000000" Dst="0" />
<file name="settings.php" server="C:/xampp/htdocs/www/Biometric_site/" local="130778707820000000" remote="130778707820000000" Dst="0" />
<file name="view.php" server="C:/xampp/htdocs/www/Biometric_site/" local="130798275211162461" remote="130798275210000000" Dst="0" />
<file name="staff_active.php" server="C:/xampp/htdocs/www/Biometric_site/" local="130798306342883291" remote="130798306340000000" Dst="0" />
<file name="staff_deleted.php" server="C:/xampp/htdocs/www/Biometric_site/" local="130798307145122109" remote="130798307140000000" Dst="0" />
<file name="staff_suspended.php" server="C:/xampp/htdocs/www/Biometric_site/" local="130798307398432182" remote="130798307390000000" Dst="0" />
<file name="leave_requests_pending.php" server="C:/xampp/htdocs/www/Biometric_site/" local="130778696500000000" remote="130778696500000000" Dst="0" />
<file name="leave_requests_approved.php" server="C:/xampp/htdocs/www/Biometric_site/" local="130778700660000000" remote="130778700660000000" Dst="0" />
<file name="leave_requests_disapproved.php" server="C:/xampp/htdocs/www/Biometric_site/" local="130778700120000000" remote="130778700120000000" Dst="0" />
<file name="staff_registration.php" server="C:/xampp/htdocs/www/Biometric_site/" local="130798302135431701" remote="130798302130000000" Dst="0" />
</dwsync>