<?xml version="1.0" encoding="utf-8" ?>
<dwsync>
<file name="attendance.php" server="C:/xampp/htdocs/www/Biometric_site/" local="130779363338745557" remote="130779363330000000" Dst="0" />
<file name="functions.php" server="C:/xampp/htdocs/www/Biometric_site/" local="130779367855494247" remote="130779367850000000" Dst="0" />
<file name="index.php" server="C:/xampp/htdocs/www/Biometric_site/" local="130779356660185047" remote="130779356660000000" Dst="0" />
<file name="leave_application.php" server="C:/xampp/htdocs/www/Biometric_site/" local="130779363337065523" remote="130779363330000000" Dst="0" />
<file name="logout.php" server="C:/xampp/htdocs/www/Biometric_site/" local="130777810762534145" remote="130777810760000000" Dst="0" />
<file name="settings.php" server="C:/xampp/htdocs/www/Biometric_site/" local="130777808593475514" remote="130777808590000000" Dst="0" />
<file name="Staff.php" server="C:/xampp/htdocs/www/Biometric_site/" local="130779363333845473" remote="130779363330000000" Dst="0" />
<file name="view.php" server="C:/xampp/htdocs/www/Biometric_site/" local="130777807956487398" remote="130777807950000000" Dst="0" />
<file name="profile_view.php" server="C:/xampp/htdocs/www/Biometric_site/" local="130777901078130335" remote="130777901070000000" Dst="0" />
<file name="profile_update.php" server="C:/xampp/htdocs/www/Biometric_site/" local="130779363335666067" remote="130779363330000000" Dst="0" />
<file name="leave_history_approved.php" server="C:/xampp/htdocs/www/Biometric_site/" local="130778660853193939" remote="130778660850000000" Dst="0" />
<file name="leave_history_disapproved.php" server="C:/xampp/htdocs/www/Biometric_site/" local="130778660148703579" remote="130778660140000000" Dst="0" />
<file name="leave_history_pending.php" server="C:/xampp/htdocs/www/Biometric_site/" local="130778662723989451" remote="130778662720000000" Dst="0" />
</dwsync>