<?xml version="1.0" encoding="utf-8" ?>
<dwsync>
<file name="iconFont.dev.svg" server="C:/xampp/htdocs/www/Biometric_site/" local="130761853780000000" remote="130761853780000000" Dst="0" />
<file name="iconFont.eot" server="C:/xampp/htdocs/www/Biometric_site/" local="130761853780000000" remote="130761853780000000" Dst="0" />
<file name="iconFont.json" server="C:/xampp/htdocs/www/Biometric_site/" local="130761853780000000" remote="130761853780000000" Dst="0" />
<file name="iconFont.svg" server="C:/xampp/htdocs/www/Biometric_site/" local="130761853780000000" remote="130761853780000000" Dst="0" />
<file name="iconFont.ttf" server="C:/xampp/htdocs/www/Biometric_site/" local="130761853780000000" remote="130761853780000000" Dst="0" />
<file name="iconFont.woff" server="C:/xampp/htdocs/www/Biometric_site/" local="130761853780000000" remote="130761853780000000" Dst="0" />
<file name="metroSysIcons.svg" server="C:/xampp/htdocs/www/Biometric_site/" local="130761853780000000" remote="130761853780000000" Dst="0" />
<file name="metroSysIcons.ttf" server="C:/xampp/htdocs/www/Biometric_site/" local="130761853780000000" remote="130761853780000000" Dst="0" />
<file name="metroSysIcons.woff" server="C:/xampp/htdocs/www/Biometric_site/" local="130761853780000000" remote="130761853780000000" Dst="0" />
<file name="OpenSans-Bold.woff" server="C:/xampp/htdocs/www/Biometric_site/" local="130761853780000000" remote="130761853780000000" Dst="0" />
<file name="OpenSans-Light.woff" server="C:/xampp/htdocs/www/Biometric_site/" local="130761853780000000" remote="130761853780000000" Dst="0" />
<file name="OpenSans.woff" server="C:/xampp/htdocs/www/Biometric_site/" local="130761853780000000" remote="130761853780000000" Dst="0" />
<file name="PTSerif-Caption.woff" server="C:/xampp/htdocs/www/Biometric_site/" local="130761853780000000" remote="130761853780000000" Dst="0" />
</dwsync>